{
  "rgb_refined": {
    "label": "RGB VGG16 refined",
    "kind": "vgg16",
    "freeze_level": 3,
    "checkpoint": "C:\\Users\\Tonito\\.vscode\\Final-Exam-CSE-547\\checkpoints\\part6_rgb_vgg_refined.pt",
    "train_loss": [
      0.0543676269050403,
      0.04488662745917139,
      0.04120051009951906,
      0.03658367901271825,
      0.03522955754830258,
      0.02801604896777038,
      0.02659634520879974,
      0.025170903403465044,
      0.023343631889597077,
      0.023859407492477957,
      0.02189574608885734,
      0.02101085488707061,
      0.01927967698409974,
      0.017240820014744918,
      0.016474264074811024,
      0.017399867912921054,
      0.017006800991965696,
      0.015531535719618628,
      0.014927364021998554,
      0.014179071474002365
    ],
    "val_loss": [
      0.21167950693427423,
      0.23251935142246166,
      0.20854779964162384,
      0.234136440890463,
      0.23057291069773087,
      0.2281662927636665,
      0.24841496097196372,
      0.23140320806853182,
      0.2308973991374421,
      0.25699998728698237,
      0.23846996957173014,
      0.26123596456716364,
      0.2438112395747676,
      0.2513272798794239,
      0.2538929333264838,
      0.25986463735762005,
      0.25519448252054033,
      0.2498201835802657,
      0.2720929610150015,
      0.2576989595864631
    ],
    "train_acc": [
      0.9834094682132355,
      0.9854385260576599,
      0.9866320894955567,
      0.988227124271655,
      0.9882705265784877,
      0.9910157224856501,
      0.9913954926704355,
      0.9918186651620534,
      0.9924262974577098,
      0.9921550330400061,
      0.9928277687959115,
      0.9931207343670316,
      0.99371751608598,
      0.9943468495350528,
      0.9948351254869197,
      0.994509608185675,
      0.9945204587623833,
      0.9948568266403359,
      0.9952040450949968,
      0.9956272175866148
    ],
    "val_acc": [
      0.9478185423896877,
      0.9472607833415965,
      0.9467649975210709,
      0.944533961328706,
      0.9454015865146257,
      0.9481903817550819,
      0.947136836886465,
      0.9493058998512642,
      0.9480044620723848,
      0.9447818542389688,
      0.9490580069410015,
      0.9471988101140307,
      0.9483143282102132,
      0.9475706494794249,
      0.9498016856717898,
      0.9483763014377788,
      0.9480664352999504,
      0.9494918195339613,
      0.9476326227069906,
      0.948562221120476
    ],
    "train_f1": [
      0.9833475723095554,
      0.9853832110569126,
      0.9865710730772697,
      0.9881847849627328,
      0.9882347411776616,
      0.9909869152898,
      0.9913812873754652,
      0.9917958508301745,
      0.9924126006198882,
      0.9921390483144139,
      0.9928126386062303,
      0.9931074536155626,
      0.9937073850048641,
      0.994336488456667,
      0.9948292630836552,
      0.9945039717169815,
      0.9945135556720223,
      0.9948493220204075,
      0.9951965268652397,
      0.9956215904461894
    ],
    "val_f1": [
      0.9459108534526073,
      0.9447348294094036,
      0.945253677579623,
      0.9417061921283488,
      0.9435033810713541,
      0.9460642631151119,
      0.9448116926604005,
      0.9476312242090997,
      0.9466140752372747,
      0.9429735225150517,
      0.9476821728649767,
      0.9448719539530488,
      0.9464293257281419,
      0.9459806847894721,
      0.948020624319073,
      0.9463548963445779,
      0.946480113276561,
      0.9479511843904915,
      0.9453823730437172,
      0.946896992087826
    ],
    "lr_history": [
      5e-06,
      5e-06,
      5e-06,
      5e-06,
      5e-06,
      2.5e-06,
      2.5e-06,
      2.5e-06,
      2.5e-06,
      2.5e-06,
      2.5e-06,
      2.5e-06,
      1.25e-06,
      1.25e-06,
      1.25e-06,
      1.25e-06,
      1.25e-06,
      1.25e-06,
      1.25e-06,
      6.25e-07
    ],
    "best_epoch": 15,
    "best_train_acc": 0.9955078612428251,
    "best_val_acc": 0.9498016856717898,
    "best_train_f1": 0.995496973335061,
    "best_val_f1": 0.948020624319073,
    "best_train_loss": 0.014182685567855607,
    "best_val_loss": 0.2538929333264838
  },
  "ir_refined": null,
  "notes": [
    "IR AE did not come within 0.02 F1 of IR Part 1 Arch D; final IR uses the stronger supervised CNN reference."
  ]
}